-- phpMyAdmin SQL Dump
-- version 4.9.1
-- https://www.phpmyadmin.net/
--
-- Хост: 127.0.0.1
-- Время создания: Мар 26 2020 г., 15:38
-- Версия сервера: 10.4.8-MariaDB
-- Версия PHP: 7.3.10

SET SQL_MODE = "NO_AUTO_VALUE_ON_ZERO";
SET AUTOCOMMIT = 0;
START TRANSACTION;
SET time_zone = "+00:00";


/*!40101 SET @OLD_CHARACTER_SET_CLIENT=@@CHARACTER_SET_CLIENT */;
/*!40101 SET @OLD_CHARACTER_SET_RESULTS=@@CHARACTER_SET_RESULTS */;
/*!40101 SET @OLD_COLLATION_CONNECTION=@@COLLATION_CONNECTION */;
/*!40101 SET NAMES utf8mb4 */;

--
-- База данных: `kinomonster`
--

-- --------------------------------------------------------

--
-- Структура таблицы `films`
--

CREATE TABLE `films` (
  `id` int(10) UNSIGNED NOT NULL,
  `alias` varchar(255) NOT NULL,
  `title` varchar(255) NOT NULL,
  `description` text NOT NULL,
  `poster` varchar(255) DEFAULT NULL,
  `poster_small` varchar(255) DEFAULT NULL,
  `video` text DEFAULT NULL,
  `date_pos` date DEFAULT NULL,
  `publish` enum('0','1') NOT NULL DEFAULT '0',
  `top` enum('0','1') NOT NULL DEFAULT '0',
  `created_at` timestamp NULL DEFAULT current_timestamp(),
  `updated_at` timestamp NULL DEFAULT current_timestamp()
) ENGINE=InnoDB DEFAULT CHARSET=utf8mb4;

--
-- Дамп данных таблицы `films`
--

INSERT INTO `films` (`id`, `alias`, `title`, `description`, `poster`, `poster_small`, `video`, `date_pos`, `publish`, `top`, `created_at`, `updated_at`) VALUES
(1, 'the-matrix', 'Матрица ', 'Рядовой сотрудник крупной компании, программист Томас Андерсон странным образом чувствует зыбкость окружающей реальности. По ночам он ведет тайную жизнь хакера по имени Нео, на связь с которым однажды выходят таинственные люди. Они сообщают ему, что тот «увяз в Матрице», но не объясняют, что это значит. Вскоре на Томаса выходят странные люди в костюмах, удивительным образом управляющие окружающей реальностью, а позднее Томас встречается с таинственным Морфеусом, которого власти объявили террористом. \r\n\r\nМорфеус предлагает Томасу узнать, что такое «Матрица»: для этого он должен проглотить красную таблетку. Если же Томас желает вернуться к обычной жизни и забыть обо всех происходивших с ним странностях, он выберет синюю таблетку. Томас решает узнать больше о «Матрице», и его жизнь полностью меняется. Теперь он – Нео, избранный, вырвавшийся из иллюзорного мира и примкнувший к группе людей, живущих в настоящей реальности и борющейся с машинами, захватившими власть и заточившими людей в плен «Матрицы». \r\nБеспощадный могольский падишах Аурангзеб готовится к войне и собирает многочисленное войско, чтобы покончить с Шиваджи и подчинить себе его подданных. Но на защиту своих соотечественников выступает храбрый генерал Танаджи Малусару во главе армии ловких бойцов. Они прекрасно обучены хитрым приемам внезапного появления в тылу врага и ведению боя в горной местности. В смертельной схватке сойдутся тысячи солдат. Кто же из них выйдет победителем, а кто - побежденным?', 'matrica.jpg', NULL, 'https://www.youtube.com/embed/YihPA42fdQ8', '1999-06-15', '1', '1', '2020-03-22 08:00:00', '2020-03-22 08:00:00'),
(2, 'dvenadcat-druzey-oushena', 'Двенадцать друзей Оушена', 'Три года прошло с того момента, как талантливый мошенник и его банда провернули одно из самых масштабных и прибыльных ограблений. Им удалось реализовать грандиозный план, лишив беспринципного Терри Бенедикта огромного состояния, которое хранилось в тщательно охраняемом хранилище Лас-Вегаса. Члены криминальной группировки в фильме «Двенадцать друзей Оушена» завладели, а потом раздели 160 миллионов долларов. Теперь каждый мог завершить преступную деятельность и начать новую жизнь, но стать законопослушными гражданами им мешает Бенедикт, который мечтает вернуть свое богатство и отомстить наглецам.\r\n\r\nУзнав о местонахождении грабителей, Терри начинает охоту. Спустя короткое время ему удается разыскать всех членов его команды. Они должны возвратить похищенные деньги, но Дэнни не собирается идти на поводу. В его гениальной голове созревает очередной план последующих действий, который направлен на ограбление крупных центров, расположенных в Риме, Париже и Амстердаме. Параллельно он хочет оставить свой след в Берлине и Лондоне, но мечты слишком призрачны, а времени очень мало. Предстоит провернуть практически не реальную авантюру, но такому профессиональному вору не сложно добиться положительного результата.', 'dvenadcat-druzey-oushena.jpg', NULL, 'https://www.youtube.com/embed/f7x6qWcIgaE', '2018-02-20', '0', '0', '2020-03-22 08:00:00', '2020-03-22 08:00:00'),
(3, 'dzhango-osvobozhdennyy', 'Джанго освобожденный', 'Действия криминального спагетти-вестерна режиссера Квентина Тарантино «Джанго освобожденный» разворачиваются в 1859 году на Диком Западе Америки. На одном из нелегальных аукционов бывший немецкий дантист, а ныне бесстрашный охотник за головами Кинг Шульц выкупает раба Джанго, чем спасает бедолагу от жестокого обращения и скотской жизни без каких-либо прав.\r\n\r\nШульц убивает людей за деньги, но совершенно не страдает от угрызений совести. Ему нужен верный помощник и он находит его в лице отчаянного Джанго. Вместе они отправляются на поиски опасной банды братьев Бриттл. Шульц преследует братьев с целью хорошего заработка, а Джанго хочет узнать куда они продали его жену, а затем отомстить. Общее дело и пережитые опасные приключения сближают путников, но по завершению их дороги могут разойтись.', 'dzhango-osvobozhdennyj.jpg', NULL, 'https://www.youtube.com/embed/4McenUEna3E', '2018-07-10', '0', '1', '2020-03-22 08:00:00', '2020-03-22 08:00:00'),
(4, 'dzhon-uik-2', 'Джон Уик 2', '«Кто бы ни пришел, я убью их всех». Кинокомпания «Централ Партнершип» в феврале наступившего года подарит нам новый криминальный триллер. Продолжение нашумевшего боевика со звездой «Матрицы», «Константин: Повелитель тьмы», «Дракула», обладателя трех премий MTV и премии «Сатурн» в номинации «Лучший актер» — Киану Ривзом, ждет нас уже в феврале. «Джон Уик 2» — это вторая часть трилогии о бывшем наемном убийце, который снова берется за дело.\r\n\r\nНа этот раз события разворачиваются в Риме, одном из Красивейших городов Италии. Именно туда Джон отправился для выполнения очередного задания: бывший коллега и, по-совместительству самый опасный киллер в мире, принимает решение возглавить целый отряд наемников. А кровавая клятва, которую Джон давал при поступлении на «службу» попросту не позволяет наемному убийце в отставке остаться в стороне. Поэтому мистер Уик со своей новой собакой отправляется в страну Леонардо да Винчи для устранения очередной опасности. Как далеко он способен зайти ради спасения мира? Ведь мистер Уик не ищет компромиссов, он убивает. Зрелищные перестрелки, увлекательная сюжетная линия и великолепная игра актеров — всем этим зритель сможет насладиться в последний месяц зимы.', 'dzhon-uik-2.jpg', NULL, 'https://www.youtube.com/embed/0DkJa_aGTP8', '2014-11-05', '0', '0', '2020-03-22 08:00:00', '2020-03-22 08:00:00'),
(5, 'elizium-ray-ne-na-zemle', 'Элизиум: Рай не на Земле', 'В будущем планета Земля оказалась перенаселена, загрязнена и частично разрушена человечеством. Решением проблемы стало строительство Элизиума – огромной космической станции, в пределах которой богачи ведут сытое существование. Теперь, в 2154 году, человечество разделено на два основных класса: тех, кто может позволить себе жизнь на Элизиуме, и тех, кто остался на разрушенной Земле. Министр Роудс, влиятельный чиновник, готов пойти на что угодно, чтобы все оставалось так, как есть, поэтому он ужесточает анти-иммиграционные законы, призванные охранять Элизиум от вторжения обитателей Земли. После того как Макс, главный герой, оказывается в безвыходном положении, ему приходится взяться за выполнение сложнейшей миссии. Если Максу удастся задуманное, будет спасена не только его жизнь, но и жизни многочисленных обитателей Земли, ведь наступят времена равенства, и два мира – богатых жителей Элизиума и бедняков – сольются воедино и станут равны.\r\n', 'elizium.jpg', NULL, 'https://www.youtube.com/embed/gWTc2Wn-QWU', '2010-01-30', '0', '0', '2020-03-22 08:00:00', '2020-03-22 08:00:00'),
(6, 'forsazh6', 'Форсаж 6', 'Один из героев кинокартины «Форсаж 6» – спецагент по имени Люк Хоббс, разыскивающий своего приятеля Торетто, с целью привлечь того к борьбе против высококлассных автогонщиков. Эти преступники рассекают по Лондону под предводительством Оуэна Шоу, который очень давно служил в рядах спецназа и даже добился звания офицера. Служитель закона находит своего напарника на Канарах и тот соглашается, потому что на одной из представленных Хоббсом фотографий, он узнает свою возлюбленную Летти Ортис, которая считалась погибшей. Дом делится информацией с сестрой Мией и его супругом Брайаном О\'Коннером. Парень, несмотря на рождение малыша, моментально предлагает свои услуги и поддержку, потому что считает себя виноватым перед товарищем. Ребята начинают операцию и выясняют, что враг контактирует с Артуро Брагой, который пребывает в тюремном заключении.\r\n\r\nПозже агентам приходится вылететь в испанскую базу НАТО, так как стало известно, что там находится чип, который злоумышленник планирует выкрасть. Брайан просчитывает шаги банды и понимает, что они нападут на охрану. Ситуация обостряется – гонщики крадут танк. На мосту массивную технику перехватывают с помощью машины Пирса и спасают выжившую девушку Доминика. Но пойманный Оуэн угрожает убить Мию - их заложницу. Бандитам освобождают дорогу, но сплоченная команда добивается успеха и отправляет уголовника на больничную койку.', 'forsazh-6.jpg', NULL, 'https://www.youtube.com/embed/iLeFO_Ae0X8', '2018-02-20', '0', '0', '2020-03-22 08:00:00', '2020-03-22 08:00:00'),
(7, 'v-serdce-morya', 'В сердце моря', '20 октября 1969 года юный моряк, ставший членом команды американской субмарины, пережил событие, изменившее всю его жизнь. Именно в этот день Дон Ахаб потерял ногу и стал пленником навязчивой идеи – поймать морского гиганта, огромного кита. Звуки, которые он поначалу принял за шум, производимой советской субмариной, в действительности оказались рыком кита, который напал на субмарину и фактически разорвал ее на две части. В течение следующих 40 лет Джон Ахаб жил только одной мыслью: он желал любой ценой поймать доисторического кита, получившего имя Моби Дик и в течение многих веков живущего в мировом океане. Получив в свое распоряжение подводную лодку, оснащенную по последнего слову техники, Ахаб набрал новую команду и продолжил погоню за китом. Конечно, опасность, которую представляет Моби Дик для моряков всей планеты, нельзя игнорировать: в течение последних дней он стал причиной гибели экипажей уже трех судов. Но погоня за китом стала наваждением, от которого невозможно избавиться.', 'v-serdce-morya.jpg', NULL, 'https://www.youtube.com/embed/QCekYl-Otsw', '2018-07-10', '0', '1', '2020-03-22 08:00:00', '2020-03-22 08:00:00'),
(8, 'zalozhnica-2', 'Заложница 2', 'Действия криминального боевика «Заложница 2» разворачиваются спустя год после событий первого фильма. Спасая свою дочь в Париже бывший агент ЦРУ Брайан Миллс убил всех людей причастных к похищению. Но у преступников остались отцы и братья, которые собираются отомстить за смерть родных. Руководит операцией албанский криминальный авторитет Мурад, чей сын был убит Миллсом.\r\n\r\nВ это же время в Миллс с бывшей женой Ленор и дочерью Ким прибывает в Стамбул на отдых. Семья снова вместе и собирается провести незабываемые дни в красивом городе, но планы нарушает банда Мурада. На этот раз преступники собираются взять в заложники самого Брайана и его жену. Но Мурада не интересуют деньги, ему нужна только месть. Сумеет ли Миллс спасти свою семью?', 'zalozhnica-2.jpg', '', 'https://www.youtube.com/embed/Ju4RGOqVuPs', '2018-02-20', '0', '0', '2020-03-22 08:00:00', '2020-03-22 08:00:00'),
(9, 'zagnannyy', 'Загнанный', 'Эл Ти Бонэм работал в элитном отряде спецназа в качестве специалиста по подготовке бойцов. Теперь он ушел в отставку, но это, как оказалось, вовсе не значило конец карьеры. Группа агентов ФБР расследует крайне запутанное и чрезвычайно важное дело о киллере – жестоком наемном убийце, который когда-то был одним из самых одаренных учеников Эл Ти. Киллер затаился в лесу, где никто не может его выследить, и прекрасно чувствует себя под защитой дикой природы. Загадочный убийца привык доставать необходимые ему вещи, не пользуясь при этом деньгами. Все, чего нельзя достать, он может сделать сам. Оружие ему тоже не нужно: любой камень и любая палка в его руках намного опаснее автомата, да и в рукопашной схватке киллер практически непобедим. Это человек, который живет войной и способен уйти от любых преследователей. Только Эл Ти – человек, который всему научил эту машину для убийств, способен найти и обезвредить киллера, равных которому нет на земле.', 'zagnannyy.jpg', '', 'https://www.youtube.com/embed/1pN8C3XRWFU', '2010-01-30', '0', '1', '2020-03-22 08:00:00', '2020-03-22 08:00:00'),
(10, 'yarost', 'Ярость', 'Шивани Шиваджи Рой выбрала для себя довольно опасный путь борьбы с преступностью. Хрупкая девушка в фильме «Отважная» была наделена уникальными качествами, принципиальностью, безграничной отвагой и неподкупностью. С первых дней она погружается в работу и вскоре завоевывает доверие руководства и уважение коллег. Благодаря упорству и труду она становится старшим инспектором, но не собирается останавливаться, а еще больше стремится повысить раскрываемость преступлений в родном городе.\r\n\r\nВ районе Шивани совершено дерзкое похищение. Люди крупного криминального авторитета похитили девочку подростка, которая торговала на улице цветами. Женщина была лично знакома с Пьяри, поэтому сразу обратила внимание на ее отсутствие. Она решила лично приступить к расследованию, найти малышку и покарать похитителей, да и родственники настаивали на скорейшем выяснении обстоятельств. Вскоре ей открываются ужасные подробности не простого дела. Оказывается, в районе давно крадут беспризорных детей и используют их в грязных играх, но она не собирается мириться с отвратительным миром разврата и жестоких желаний, жизнь детей в чудовищной опасности и сложно представить, чем может обернуться охота на монстров.', 'yarost.jpg', NULL, 'https://www.youtube.com/embed/rvoV3oExdyo', '2018-02-20', '0', '0', '2020-03-22 08:00:00', '2020-03-22 08:00:00'),
(11, 'siccario', 'Убийца', 'Главными героями криминального триллера «Убийца 2. Против всех» являются Алехандро Гиллике и Мэтт Грейвер, объединенные общей миссией. Первый парень, родившийся и выросший на территории Мексики, характеризующийся буйным темпераментом и немногословностью, в прошлом прилежно трудился на правительство США, показав себя как истинного профессионала, а вот его невольным напарником становится опытный спецагент ЦРУ. В свое время ребята сумели успешно справиться с несколькими смертельно опасными заданиями. Теперь же власти принимают решение еще раз воспользоваться услугами матерых борцов с преступностью, направив на выполнение очередной операции.\r\n\r\nМужчины обязаны в мельчайших подробностях выяснить, каким образом мексиканским наркокартелям удается переправлять в Америку тонны запрещенных наркотических веществ и постараться вывести на чистую воду предателей, без которых в принципе невозможна деятельность контрабандистов. По ходу дела основных персонажей ожидает ошеломляющая новость. Между двумя странами построена целая сеть подземных туннелей, по которым не только осуществляется четко налаженный наркотрафик, но и передвигаются террористы.', 'ubiyca.jpg', NULL, 'https://www.youtube.com/embed/SvQ3Mqm_D40', '2018-07-10', '0', '1', '2020-03-22 08:00:00', '2020-03-22 08:00:00'),
(12, 'stukach', 'Стукач', 'Герой фильма «Стукач» — успешный бизнесмен. Джон Мэттьюс владеет собственной транспортной компанией, у которой хотя и немного автомашин в парке, но всё же вполне хорошая загруженность. Джон счастливо женат во второй раз. У него растёт маленькая дочка, которую он обожает. Есть у Мэттьюса и старший сын от первого брака, который развалился годы назад. Джон заботится о Джейсоне, несмотря на плохие отношения с бывшей женой. Парень же игнорирует советы отца, предпочитая жить по собственным правилам. Однажды молодой человек решил развлечься... В его доме оказались наркотики. Словно кто-то «сдал» юношу, в дверь тут же вломились копы...', 'stukach.jpg', NULL, 'https://www.youtube.com/embed/Lulue4Ge4Go', '2014-11-05', '0', '0', '2020-03-22 08:00:00', '2020-03-22 08:00:00'),
(13, 'petlya-vremeni', 'Петля времени', 'Действие американо-китайского остросюжетного фантастического боевика «Петля времени» происходят в 2044 году, в период хаоса, беззакония и бессилия власти. Но через тридцать лет на Земле воцарит порядок, и правоохранительные органы уже не позволят мафии творить бесчинства. Однако бандиты научились прятать концы в воду, отправляя неугодных им людей назад в прошлое. Там их ждут луперы, которые должны убить жертву.\r\n\r\nДжо Симмонс и его друг оказались перед судьбоносным выбором: уничтожить самих себя, присланных из будущего, или сохранить жизнь старикам и бежать. Но всемогущие наблюдатели зорко следят за исполнением их кровавых приказов и за ошибки строго наказывают. Одного из них все-таки казнят, а другой все же решает рискнуть и спрятаться в недоступном для преследователей месте - глухой деревушке. Здесь он влюбляется в китаянку и привязывается к её сынишке. Некоторое время они наслаждаются тихой семейной жизнью. Но киллеры выслеживают парня, и теперь угроза нависла не только над ним, но и над несчастной женщиной и ребенком. Сумеет ли Джо их защитить?', 'petlya-vremeni.jpg', NULL, 'https://www.youtube.com/embed/qI1RXrS9rkg', '2010-01-30', '0', '0', '2020-03-22 08:00:00', '2020-03-22 08:00:00'),
(14, 'Oblivion', 'Обливион', 'В фильме «Обливион» действия разворачиваются в 2077 году. На Земле не осталось людей, ведь планета шестьдесят лет назад пережила нападение инопланетян. Остатки человеческой расы бежали на «Тет», построенную заранее огромную космическую станцию, а потом перебрались жить на Титан. На Земле остались лишь башни, выкачивающие воду из недр планеты. Вот за ними и ведут с помощью дронов-убийц наблюдение Джек Харпер и его помощница-связист Виктория, выполняя команды Салли, руководителя миссии, передающей им указания с «Тет».\r\n\r\nНо однажды бывший астронавт замечает падение космического корабля. В одной из капсул с людьми Джек находит незнакомку, постоянно преследующую его во снах. Он успевает спасти спящую девушку, но остальных членов космического экипажа успевают расстрелять дроны. От Юлии, так представляется ему спасённая незнакомка, он узнаёт, что она его жена. Вскоре Харпера ждёт ещё более шокирующее открытие. Оказывается, им управляют инопланетяне, захватившие Землю, и теперь только он может спасти остатки человечества от гибели.\r\n', 'oblivion.jpg', NULL, 'https://www.youtube.com/embed/dbEiZnBFSYk', '2014-11-05', '0', '1', '2020-03-22 08:00:00', '2020-03-22 08:00:00'),
(15, 'kopy-v-glubokom-zapase', 'Копы в глубоком запасе', 'Пара копов – П. К. Хайсмит и Кристофер Дэнсон – лучшие в своей работе, они раскрывают сложнейшие дела, распутывают запутанные преступления и ловят махровых преступников. Но когда случается несчастье и опытные копы погибают, на их место приходится заступить двум канцелярским крысам – полицейским из бухгалтерии – Аллену Гэмблу и Терри Хойтцу. Правда, если Гэмбл был вполне доволен своей офисной жизнью и не искал приключений, то Хойтц всегда считал, что способен на большее и полагал, что ему не повезло в жизни, потому что его способности не были оценены по достоинству. И вот теперь ему выпадает шанс проявить себя в полной мере. Только все вокруг относятся к ним несерьезно, напарникам не дают оружие и даже не выделяют патрульную машину. Но это не может умалить их энтузиазма, новоявленные напарники гоняются за преступниками на малолитражке Аллена и берутся за серьезное и очень запутанное дело. Так что недоверчивые и насмешливые сослуживцы еще увидят, на что способны копы из бухгалтерии.', 'kopyvglubokomzapase.jpg', NULL, 'https://www.youtube.com/embed/7MuXO51Vfbc', '2018-07-10', '0', '1', '2020-03-22 08:00:00', '2020-03-22 08:00:00');

-- --------------------------------------------------------

--
-- Структура таблицы `orders`
--

CREATE TABLE `orders` (
  `id` int(10) UNSIGNED NOT NULL,
  `film_id` varchar(100) CHARACTER SET utf8 NOT NULL,
  `hours` varchar(50) NOT NULL,
  `name` varchar(255) NOT NULL,
  `email` varchar(100) NOT NULL,
  `phone` varchar(100) NOT NULL,
  `row` varchar(50) NOT NULL,
  `place_number` varchar(50) NOT NULL,
  `status` enum('0','1') DEFAULT '0',
  `date` date DEFAULT NULL,
  `updated_at` timestamp NULL DEFAULT NULL
) ENGINE=InnoDB DEFAULT CHARSET=utf8mb4;

--
-- Дамп данных таблицы `orders`
--

INSERT INTO `orders` (`id`, `film_id`, `hours`, `name`, `email`, `phone`, `row`, `place_number`, `status`, `date`, `updated_at`) VALUES
(1, '0', '14', ' Jon', 'a@a.ru', '099999999', '2', '8', '1', '2020-03-25', NULL),
(2, '1', '14', ' Jon', 'a@a.ru', '099999999', '2', '9', '1', '2020-03-25', NULL),
(3, '2', '14', ' Jon', 'a@a.ru', '099999999', '2', '3', '1', '2020-03-25', NULL),
(4, '3', '20', ' Jon', 'a@a.ru', '099999999', '3', '1', '1', '2020-03-25', NULL),
(5, '4', '20', ' Jon', 'a@a.ru', '099999999', '3', '2', '1', '2020-03-25', NULL),
(6, '5', '20', ' Jon', 'a@a.ru', '099999999', '1', '3', '1', '2020-03-25', NULL),
(7, '6', '14', ' Jon', 'a@a.ru', '099999999', '4', '4', '1', '2020-03-25', NULL),
(8, '7', '18', ' Jon', 'a@a.ru', '099999999', '5', '5', '1', '2020-03-25', NULL),
(9, '8', '18', ' Jon', 'u@u.ru', '099999999', '5', '1', '1', '2020-03-25', NULL),
(10, '9', '18', ' Jon', 'a@a.ru', '099999999', '5', '2', '1', '2020-03-25', NULL),
(30, '3', '14:00', 'Юрий', 'a@a.ru', '0999999999', '1', '6', '0', NULL, NULL),
(31, '3', '14:00', 'Юрий', 'a@a.ru', '0999999999', '1', '6', '0', NULL, NULL),
(32, '5', '14:00', ' Jon', 'u@u.ru', '0889787897', '1', '8', '0', '0000-00-00', NULL),
(33, '5', '14:00', ' Jon', 'u@u.ru', '0889787897', '1', '8', '0', '0000-00-00', NULL),
(34, '5', '14:00', ' Jon', 'u@u.ru', '0889787897', '1', '8', '0', '0000-00-00', NULL),
(35, '5', '14:00', ' Jon', 'u@u.ru', '0889787897', '1', '8', '0', '0000-00-00', NULL),
(36, '5', '14:00', ' Jon', 'u@u.ru', '0889787897', '1', '8', '0', '2020-03-26', NULL),
(37, '5', '14:00', ' Jon', 'u@u.ru', '0889787897', '1', '8', '0', '2020-03-26', NULL),
(38, '5', '14:00', ' Jon', 'u@u.ru', '0889787897', '1', '7', '0', '2020-03-26', NULL),
(39, '5', '14:00', ' Jon', 'u@u.ru', '0889787897', '1', '10', '0', '2020-03-26', NULL),
(40, '9', '20:00', 'Юрий', 'a@a.ru', '0889787897', '1', '10', '0', '2020-03-26', NULL),
(41, '9', '20:00', 'Юрий', 'a@a.ru', '0889787897', '1', '10', '0', '2020-03-26', NULL),
(42, '9', '20:00', 'Юрий', 'a@a.ru', '0889787897', '1', '3', '0', '2020-03-26', NULL),
(43, '9', '10:00', ' Jon', 'a@a.ru', '0876868889', '1', '1', '0', '2020-03-26', NULL),
(44, '15', '12:00', ' Jon', '12313a@a.ru', '0999999999', '1', '3', '0', '2020-03-26', NULL);

-- --------------------------------------------------------

--
-- Структура таблицы `users`
--

CREATE TABLE `users` (
  `id` int(10) UNSIGNED NOT NULL,
  `name` varchar(255) NOT NULL,
  `email` varchar(255) NOT NULL,
  `phone` varchar(100) NOT NULL,
  `login` varchar(255) NOT NULL,
  `password` varchar(255) NOT NULL,
  `role` enum('user','admin') NOT NULL DEFAULT 'user',
  `created_at` timestamp NOT NULL DEFAULT current_timestamp(),
  `updated_at` timestamp NOT NULL DEFAULT current_timestamp()
) ENGINE=InnoDB DEFAULT CHARSET=utf8mb4;

--
-- Дамп данных таблицы `users`
--

INSERT INTO `users` (`id`, `name`, `email`, `phone`, `login`, `password`, `role`, `created_at`, `updated_at`) VALUES
(1, 'John', 'admin@admin.com', '685550000', 'admin1', '$2y$10$kOBfrFfjDEUznWANWwTsM.zx13xwuHqcDcy5FJBIoeFMZwWzf8IBi', 'admin', '2020-03-26 08:50:39', '2020-03-26 08:50:39'),
(2, 'Lingart', 'test@test.com', '995005050', 'user', '$2y$10$kOBfrFfjDEUznWANWwTsM.zx13xwuHqcDcy5FJBIoeFMZwWzf8IBi', 'user', '2020-03-26 08:50:39', '2020-03-26 08:50:39');

--
-- Индексы сохранённых таблиц
--

--
-- Индексы таблицы `films`
--
ALTER TABLE `films`
  ADD PRIMARY KEY (`id`);

--
-- Индексы таблицы `orders`
--
ALTER TABLE `orders`
  ADD PRIMARY KEY (`id`);

--
-- Индексы таблицы `users`
--
ALTER TABLE `users`
  ADD PRIMARY KEY (`id`),
  ADD UNIQUE KEY `email` (`email`),
  ADD UNIQUE KEY `users_login_uindex` (`login`);

--
-- AUTO_INCREMENT для сохранённых таблиц
--

--
-- AUTO_INCREMENT для таблицы `films`
--
ALTER TABLE `films`
  MODIFY `id` int(10) UNSIGNED NOT NULL AUTO_INCREMENT, AUTO_INCREMENT=27;

--
-- AUTO_INCREMENT для таблицы `orders`
--
ALTER TABLE `orders`
  MODIFY `id` int(10) UNSIGNED NOT NULL AUTO_INCREMENT, AUTO_INCREMENT=45;

--
-- AUTO_INCREMENT для таблицы `users`
--
ALTER TABLE `users`
  MODIFY `id` int(10) UNSIGNED NOT NULL AUTO_INCREMENT, AUTO_INCREMENT=28;
COMMIT;

/*!40101 SET CHARACTER_SET_CLIENT=@OLD_CHARACTER_SET_CLIENT */;
/*!40101 SET CHARACTER_SET_RESULTS=@OLD_CHARACTER_SET_RESULTS */;
/*!40101 SET COLLATION_CONNECTION=@OLD_COLLATION_CONNECTION */;
